s,sLabel,freebaseID
http://www.wikidata.org/entity/Q10090,Hindu,/m/03kbr
http://www.wikidata.org/entity/Q43103,European Americans,/m/02vsw1
http://www.wikidata.org/entity/Q40477,Slavs,/m/0790v
http://www.wikidata.org/entity/Q109402,Aymara,/m/01g3rx
http://www.wikidata.org/entity/Q124216,Swiss,/m/025_0f0
http://www.wikidata.org/entity/Q120601,Omaha Tribe of Nebraska,/m/064b9n
http://www.wikidata.org/entity/Q141817,German Americans,/m/01qhm_
http://www.wikidata.org/entity/Q170355,Indigenous Australians,/m/0j6x8
http://www.wikidata.org/entity/Q12060728,Aboriginal Australians,/m/0j6x8
http://www.wikidata.org/entity/Q191356,Icelanders,/m/03fk0c
http://www.wikidata.org/entity/Q200569,Dutch,/m/05l3g_
http://www.wikidata.org/entity/Q216151,Vietnamese people,/m/03ndvw
http://www.wikidata.org/entity/Q207050,Buryats,/m/0ftwg
http://www.wikidata.org/entity/Q236807,Yugoslavs,/m/03q819
http://www.wikidata.org/entity/Q285828,Gibraltarian people,/m/03hf_6z
http://www.wikidata.org/entity/Q324516,Choctaw,/m/021pd
http://www.wikidata.org/entity/Q337487,Rajput,/m/031_sd
http://www.wikidata.org/entity/Q365539,Black Canadians,/m/02czfr
http://www.wikidata.org/entity/Q415693,Akan people,/m/05g0f1
http://www.wikidata.org/entity/Q418708,Telugu people,/m/09m6hr
http://www.wikidata.org/entity/Q707133,Taiwanese people,/m/0bzkm2
http://www.wikidata.org/entity/Q873625,Brazilians,/m/02r_qms
http://www.wikidata.org/entity/Q1140588,Russian Americans,/m/09kr66
http://www.wikidata.org/entity/Q1208167,Ryukyuan people,/m/0165md
http://www.wikidata.org/entity/Q1261777,Serbian Americans,/m/0268d21
http://www.wikidata.org/entity/Q1255534,Nair,/m/046cwm
http://www.wikidata.org/entity/Q1249914,Konkani people,/m/08gzsf
http://www.wikidata.org/entity/Q1344183,English Americans,/m/09vc4s
http://www.wikidata.org/entity/Q1318423,Australians,/m/0bbz66j
http://www.wikidata.org/entity/Q1378555,multiracial people,/m/01kb9y
http://www.wikidata.org/entity/Q1633149,Soviet people,/m/095mw2
http://www.wikidata.org/entity/Q1974839,Chinese Filipino,/m/04czx7
http://www.wikidata.org/entity/Q2033181,White Latin American,/m/027vy0s
http://www.wikidata.org/entity/Q3059102,Gin people,/m/027936c
http://www.wikidata.org/entity/Q3044242,demographics of Iraq,/m/03sk2
http://www.wikidata.org/entity/Q3150506,Indo-Canadians,/m/05mtdy
http://www.wikidata.org/entity/Q3310017,Pakistanis,/m/0bs7l_v
http://www.wikidata.org/entity/Q3521791,Mudaliar,/m/05vhv7
http://www.wikidata.org/entity/Q3635166,Nepali Indian,/m/04jq32s
http://www.wikidata.org/entity/Q4058325,Asian people,/m/0f0gt_
http://www.wikidata.org/entity/Q4115525,Palestinians in the United States,/m/0266mf0
http://www.wikidata.org/entity/Q4115170,British Indian,/m/03w9bjf
http://www.wikidata.org/entity/Q4256383,Indonesian Americans,/m/0d8qh0
http://www.wikidata.org/entity/Q4272184,Luxembourgish Americans,/m/0ftlzz
http://www.wikidata.org/entity/Q4450068,Thai Americans,/m/03lnnd
http://www.wikidata.org/entity/Q4823807,Australian Americans,/m/03gskx0
http://www.wikidata.org/entity/Q4858560,Barbadian American,/m/04lhnps
http://www.wikidata.org/entity/Q4887679,Bengali Hindus,/m/0fqp6zk
http://www.wikidata.org/entity/Q5334370,Ecuadorian Americans,/m/02vkw95
http://www.wikidata.org/entity/Q5602121,Greeks in the United Kingdom,/m/0b3zsn
http://www.wikidata.org/entity/Q5892930,Honduran Americans,/m/0fxmtg
http://www.wikidata.org/entity/Q7404928,Chaliyan,/m/071drf
http://www.wikidata.org/entity/Q7541523,Slovak Americans,/m/027n1m6
http://www.wikidata.org/entity/Q7994501,White British,/m/0g96wd
http://www.wikidata.org/entity/Q12060728,Aboriginal Australians,/m/03x_fq7
http://www.wikidata.org/entity/Q15055500,Lebanese Mexicans,/m/02r11hz
http://www.wikidata.org/entity/Q16242047,Criollo people,/m/0bnzjx
http://www.wikidata.org/entity/Q21999799,British Nigerian,/m/0278pqj
http://www.wikidata.org/entity/Q68518,Iroquois,/m/03x1x
http://www.wikidata.org/entity/Q1421590,Five Nations,/m/03x1x
http://www.wikidata.org/entity/Q15863,Slovenes,/m/01km_m
http://www.wikidata.org/entity/Q44806,Ukrainians,/m/012f86
http://www.wikidata.org/entity/Q42740,Han Chinese people,/m/013y54
http://www.wikidata.org/entity/Q49209,Javanese,/m/02gx2x
http://www.wikidata.org/entity/Q121842,French,/m/03ts0c
http://www.wikidata.org/entity/Q173302,Estonians,/m/01ywdy
http://www.wikidata.org/entity/Q165235,Bosnians,/m/0470lk
http://www.wikidata.org/entity/Q170352,Transylvanian Saxons,/m/04hqxn
http://www.wikidata.org/entity/Q190168,Yoruba people,/m/0301y_
http://www.wikidata.org/entity/Q200513,Sherpa,/m/01gr8h
http://www.wikidata.org/entity/Q212106,Dinka people,/m/039z49
http://www.wikidata.org/entity/Q255872,Ojibwe,/m/01g0y_
http://www.wikidata.org/entity/Q377085,Assyrian people,/m/01nft3
http://www.wikidata.org/entity/Q383946,Lao people,/m/01c034
http://www.wikidata.org/entity/Q388101,Anglo-Celtic Australians,/m/01swvz
http://www.wikidata.org/entity/Q648255,Kabyle people,/m/0bvnws
http://www.wikidata.org/entity/Q678551,American Jews,/m/048z7l
http://www.wikidata.org/entity/Q752526,Galicians,/m/0br_8h
http://www.wikidata.org/entity/Q854323,Punjabis,/m/02sch9
http://www.wikidata.org/entity/Q842438,British,/m/0d7wh
http://www.wikidata.org/entity/Q1075293,Irish Americans,/m/033tf_
http://www.wikidata.org/entity/Q1211934,Hispanic,/m/0fk1z
http://www.wikidata.org/entity/Q1262389,Serbs in North Macedonia,/m/025x6k1
http://www.wikidata.org/entity/Q1283606,Native Hawaiians,/m/032j30
http://www.wikidata.org/entity/Q1417088,Iñupiaq people,/m/01f9bg
http://www.wikidata.org/entity/Q1421205,Lithuanian Jews,/m/03ty8_
http://www.wikidata.org/entity/Q1645980,Jaat,/m/0222hg
http://www.wikidata.org/entity/Q1780828,Romanichal,/m/09cqth
http://www.wikidata.org/entity/Q2195308,Chinese Jamaicans,/m/0d32d1
http://www.wikidata.org/entity/Q2408653,Thai Chinese,/m/04l_pt
http://www.wikidata.org/entity/Q2464565,Turkish Americans,/m/0ffhvl
http://www.wikidata.org/entity/Q2589229,Dutch Canadians,/m/067lv3
http://www.wikidata.org/entity/Q2657969,Vietnamese Americans,/m/01tyl3
http://www.wikidata.org/entity/Q2975309,Bhutia,/m/052r3t
http://www.wikidata.org/entity/Q3003133,Croatian Americans,/m/0ffjqy
http://www.wikidata.org/entity/Q3352263,Bengali Brahmins,/m/08yg47
http://www.wikidata.org/entity/Q3349057,Pacific Islander Americans,/m/0dv5vw
http://www.wikidata.org/entity/Q3804346,Italians in the United Kingdom,/m/0gf5k1
http://www.wikidata.org/entity/Q3916714,Romanian Americans,/m/03f3sf
http://www.wikidata.org/entity/Q4302645,Swedish Australian,/m/03b_13l
http://www.wikidata.org/entity/Q4386404,Louisiana Creole people,/m/0bms44
http://www.wikidata.org/entity/Q4356656,Latvian American,/m/0ffk5n
http://www.wikidata.org/entity/Q4400590,Russian Canadians,/m/0g4pffv
http://www.wikidata.org/entity/Q4445351,Sudanese Arabs,/m/03x_lpj
http://www.wikidata.org/entity/Q4690200,Afro Trinidadians and Tobagonians,/m/04608z
http://www.wikidata.org/entity/Q4689218,Afghans in India,/m/0dllcfn
http://www.wikidata.org/entity/Q4825530,Austrians in the United Kingdom,/m/04lgl9t
http://www.wikidata.org/entity/Q4969441,British Americans,/m/03vv99
http://www.wikidata.org/entity/Q4996189,Bulgarian Canadians,/m/051wcch
http://www.wikidata.org/entity/Q5501711,French Chilean,/m/04dzwby
http://www.wikidata.org/entity/Q7129967,Panamanian Americans,/m/03gy1h2
http://www.wikidata.org/entity/Q7125803,Pakistani Americans,/m/0647lm
http://www.wikidata.org/entity/Q7210044,Poles in the United Kingdom,/m/0288fw3
http://www.wikidata.org/entity/Q7435494,Scotch-Irish Americans,/m/063k3h
http://www.wikidata.org/entity/Q7409937,Samoan Americans,/m/07j80c
http://www.wikidata.org/entity/Q7919819,Venezuelan Americans,/m/02vys3l
http://www.wikidata.org/entity/Q7901501,Uruguayans,/m/0fpjs3j
http://www.wikidata.org/entity/Q10859771,Iranian Canadians,/m/06vb7b
http://www.wikidata.org/entity/Q12404065,Israeli Americans,/m/04ydrsn
http://www.wikidata.org/entity/Q12644212,Muhajir,/m/09snp5
http://www.wikidata.org/entity/Q19891823,Muhajir diaspora,/m/09snp5
http://www.wikidata.org/entity/Q16839420,Goans,/m/026d074
http://www.wikidata.org/entity/Q17054305,Indo-Guyanese,/m/06w4lv
http://www.wikidata.org/entity/Q161652,Japanese people,/m/019kn7
http://www.wikidata.org/entity/Q31340083,Q31340083,/m/019kn7
http://www.wikidata.org/entity/Q1065371,Italian Brazilians,/m/062_25
http://www.wikidata.org/entity/Q35565,Tatars,/m/0fp4n
http://www.wikidata.org/entity/Q42406,English people,/m/02w7gg
http://www.wikidata.org/entity/Q49542,Russians,/m/0g6ff
http://www.wikidata.org/entity/Q170217,Czechs,/m/013s3n
http://www.wikidata.org/entity/Q173491,Tamil,/m/01rv7x
http://www.wikidata.org/entity/Q164714,Danes,/m/0268_k
http://www.wikidata.org/entity/Q167420,Croats,/m/0j4w_
http://www.wikidata.org/entity/Q181634,Scottish people,/m/03lmx1
http://www.wikidata.org/entity/Q245794,Greek Cypriots,/m/04hlx1
http://www.wikidata.org/entity/Q501837,Mizrahi Jews,/m/033qxt
http://www.wikidata.org/entity/Q484206,Persians,/m/064pj
http://www.wikidata.org/entity/Q483569,Belarusians,/m/09gp4
http://www.wikidata.org/entity/Q581921,Mexican Americans,/m/01g7zj
http://www.wikidata.org/entity/Q727928,Asian Americans,/m/01336l
http://www.wikidata.org/entity/Q726673,Swedish-speaking population of Finland,/m/01d7kx
http://www.wikidata.org/entity/Q968848,Bohemian People,/m/01hm_
http://www.wikidata.org/entity/Q1150312,Greek Americans,/m/038723
http://www.wikidata.org/entity/Q1156766,Japanese Americans,/m/0cn68
http://www.wikidata.org/entity/Q1207351,Chinese Canadians,/m/01mw1s
http://www.wikidata.org/entity/Q1193808,Norwegian Americans,/m/04f581
http://www.wikidata.org/entity/Q1258074,Sindhis,/m/029f2r
http://www.wikidata.org/entity/Q1537653,Ho-Chunk,/m/033fjj
http://www.wikidata.org/entity/Q1749358,Lithuanian American,/m/0ffkb4
http://www.wikidata.org/entity/Q1996554,Kashmiri Pandit,/m/023mqw
http://www.wikidata.org/entity/Q2556103,Pashtuns,/m/09743
http://www.wikidata.org/entity/Q2598589,Armenians of Russia,/m/0c_lbq
http://www.wikidata.org/entity/Q2658204,British Chinese,/m/04mmhj
http://www.wikidata.org/entity/Q2996826,Venezuelans,/m/05qb937
http://www.wikidata.org/entity/Q3072663,Finnish Americans,/m/03pqwy
http://www.wikidata.org/entity/Q3239254,Khatri,/m/03fvrb
http://www.wikidata.org/entity/Q3531196,Gaud Saraswat Brahmin,/m/0d9q7j
http://www.wikidata.org/entity/Q3573855,Castilians,/m/02pzb09
http://www.wikidata.org/entity/Q3595742,Agrawal,/m/07n8wy
http://www.wikidata.org/entity/Q4115874,culture of Palestine,/m/05sng
http://www.wikidata.org/entity/Q4970177,British Jamaicans,/m/02r3wfk
http://www.wikidata.org/entity/Q4920978,Black Hispanic and Latino Americans,/m/03hjx6f
http://www.wikidata.org/entity/Q5147919,Colombian Australian,/m/047bp1r
http://www.wikidata.org/entity/Q5601752,Greek Canadians,/m/067lrj
http://www.wikidata.org/entity/Q6122670,Māori,/m/05748
http://www.wikidata.org/entity/Q7125804,Pakistani Canadians,/m/08xbxs
http://www.wikidata.org/entity/Q245507,Quebeckers,/m/06bkf
http://www.wikidata.org/entity/Q7273097,Québécois,/m/06bkf
http://www.wikidata.org/entity/Q7697877,Telugu Brahmins,/m/0828vj
http://www.wikidata.org/entity/Q10859769,Iranians in the United Kingdom,/m/02q206y
http://www.wikidata.org/entity/Q16197531,Rusyn American,/m/02p_gby
http://www.wikidata.org/entity/Q18973,Georgians,/m/029q52
http://www.wikidata.org/entity/Q36692,Zhuang people,/m/01gby2
http://www.wikidata.org/entity/Q50001,Italians,/m/0222qb
http://www.wikidata.org/entity/Q126756,Basque people,/m/01h4n
http://www.wikidata.org/entity/Q235155,White people,/m/02ctzb
http://www.wikidata.org/entity/Q276879,Korean Americans,/m/01j2qv
http://www.wikidata.org/entity/Q324216,Austrian Americans,/m/0ffj5g
http://www.wikidata.org/entity/Q392316,First Nations,/m/01trsl
http://www.wikidata.org/entity/Q415054,Acadians,/m/0c41n
http://www.wikidata.org/entity/Q472834,Thai people,/m/07wsyr
http://www.wikidata.org/entity/Q509590,Corsicans,/m/0g5rkt4
http://www.wikidata.org/entity/Q518188,Czech Americans,/m/0h2138
http://www.wikidata.org/entity/Q719549,Rohilla,/m/0665pp
http://www.wikidata.org/entity/Q828398,Hutsuls,/m/03nz70
http://www.wikidata.org/entity/Q846570,Americans,/m/04q7gbh
http://www.wikidata.org/entity/Q853581,names of the Greeks,/m/0bkbz
http://www.wikidata.org/entity/Q1003039,Chinese Singaporeans,/m/04_hr_
http://www.wikidata.org/entity/Q1087095,Arabs in Bulgaria,/m/051x6yk
http://www.wikidata.org/entity/Q1189552,Polish Americans,/m/022dp5
http://www.wikidata.org/entity/Q1276073,Chileans,/m/05c60ml
http://www.wikidata.org/entity/Q1265028,Marathi people,/m/0cqgdq
http://www.wikidata.org/entity/Q1790886,Cuban Americans,/m/04dbw3
http://www.wikidata.org/entity/Q1891793,Moroccans,/m/0c3wsgg
http://www.wikidata.org/entity/Q1976298,Ukrainian Canadians,/m/03zcwh
http://www.wikidata.org/entity/Q2365041,Argentines,/m/09gk_6h
http://www.wikidata.org/entity/Q2606511,Lebanese people,/m/0466nw8
http://www.wikidata.org/entity/Q2643509,Indian Americans,/m/04gfy7
http://www.wikidata.org/entity/Q3015339,Danish Americans,/m/0dqqwy
http://www.wikidata.org/entity/Q3154490,Irish Canadians,/m/033njm
http://www.wikidata.org/entity/Q3267812,Portuguese Americans,/m/02p4q5p
http://www.wikidata.org/entity/Q3244280,Black Britons,/m/097nms
http://www.wikidata.org/entity/Q4172847,Filipino people,/m/071x0k
http://www.wikidata.org/entity/Q4690182,Afro-Guyanese,/m/09c8kp
http://www.wikidata.org/entity/Q4770873,Dene,/m/0301xt
http://www.wikidata.org/entity/Q4793325,Armenians in Italy,/m/04lfc70
http://www.wikidata.org/entity/Q4842385,Bahamian Americans,/m/07lv5x
http://www.wikidata.org/entity/Q4999416,Burmese Americans,/m/07g8yp
http://www.wikidata.org/entity/Q5030924,Danish Canadians,/m/0960kn
http://www.wikidata.org/entity/Q5448617,Filipino mestizo,/m/09cd0m
http://www.wikidata.org/entity/Q5622783,Guyanese Americans,/m/0bh91q8
http://www.wikidata.org/entity/Q6071674,Irish migration to Great Britain,/m/02g7sp
http://www.wikidata.org/entity/Q6365797,Kanyakubja Brahmins,/m/02y_9mh
http://www.wikidata.org/entity/Q6363876,Karnataka Brahmins,/m/08cjt2
http://www.wikidata.org/entity/Q6496280,Latin American British,/m/07s9g04
http://www.wikidata.org/entity/Q6894521,Mohyal,/m/0bfrrj
http://www.wikidata.org/entity/Q7434888,Eurasian,/m/017sq0
http://www.wikidata.org/entity/Q7416717,Chilean American,/m/026c9dq
http://www.wikidata.org/entity/Q7565427,South African American,/m/04lhn7b
http://www.wikidata.org/entity/Q7586018,Sri Lankan Americans,/m/0d8qls
http://www.wikidata.org/entity/Q16149615,African-American Jews,/m/04znbg
http://www.wikidata.org/entity/Q203178,Kikuyu,/m/0180zw
http://www.wikidata.org/entity/Q25467191,Q25467191,/m/0180zw
http://www.wikidata.org/entity/Q1026,Poles,/m/01p7s6
http://www.wikidata.org/entity/Q42884,Germans,/m/013xrm
http://www.wikidata.org/entity/Q47140,Brahmin caste,/m/01kg2v
http://www.wikidata.org/entity/Q44614,Taiwanese Americans,/m/01nbcy
http://www.wikidata.org/entity/Q45315,Berber,/m/0cx3p
http://www.wikidata.org/entity/Q107434,Sioux,/m/0fk3s
http://www.wikidata.org/entity/Q133255,Bulgarians,/m/013s41
http://www.wikidata.org/entity/Q179248,Albanians,/m/01267
http://www.wikidata.org/entity/Q171336,Slovaks,/m/01n94b
http://www.wikidata.org/entity/Q170284,Finns,/m/0318mh
http://www.wikidata.org/entity/Q178630,Portuguese,/m/03vghh
http://www.wikidata.org/entity/Q187985,Tibetan people,/m/01l0ty
http://www.wikidata.org/entity/Q201111,Aromanians,/m/01vsch
http://www.wikidata.org/entity/Q244504,Catalans,/m/07d_p8
http://www.wikidata.org/entity/Q262457,Métis,/m/0c50f
http://www.wikidata.org/entity/Q321090,German Brazilians,/m/04118b
http://www.wikidata.org/entity/Q322951,Cheyennes,/m/0fk55
http://www.wikidata.org/entity/Q388467,Afro-Cuban,/m/03yk6g
http://www.wikidata.org/entity/Q485150,Romanians,/m/01vr3v
http://www.wikidata.org/entity/Q484464,Koreans,/m/01xhh5
http://www.wikidata.org/entity/Q702718,British Jews,/m/0dj8k3
http://www.wikidata.org/entity/Q785378,White South Africans,/m/0ckk60
http://www.wikidata.org/entity/Q875556,Israelis,/m/018s6c
http://www.wikidata.org/entity/Q893594,Puerto Ricans,/m/09v5bdn
http://www.wikidata.org/entity/Q925034,Indian diaspora,/m/01hphz
http://www.wikidata.org/entity/Q928333,Spaniards in Mexico,/m/042199j
http://www.wikidata.org/entity/Q940348,Bosniaks,/m/013s2p
http://www.wikidata.org/entity/Q1061510,Egyptians,/m/025tvhm
http://www.wikidata.org/entity/Q1113048,Iranian Americans,/m/06y24j
http://www.wikidata.org/entity/Q1196649,Kashmiri people,/m/0b79c7
http://www.wikidata.org/entity/Q1369944,French Americans,/m/06v41q
http://www.wikidata.org/entity/Q1572875,Oneida,/m/02wz7j
http://www.wikidata.org/entity/Q1672477,عرب ازد,/m/04nrnz
http://www.wikidata.org/entity/Q1815623,Sri Lankan Tamils,/m/0bhsnb
http://www.wikidata.org/entity/Q1945786,Chinese Indonesians,/m/0152wh
http://www.wikidata.org/entity/Q2257191,Italian Australians,/m/08v2k7
http://www.wikidata.org/entity/Q2325516,Armenian Americans,/m/0btrm4
http://www.wikidata.org/entity/Q2722871,British Asians,/m/05sycg
http://www.wikidata.org/entity/Q2849692,Anglo-Irish people,/m/0152s7
http://www.wikidata.org/entity/Q2935829,English Canadians,/m/02cm28
http://www.wikidata.org/entity/Q3094841,Welsh Americans,/m/0bfjm7
http://www.wikidata.org/entity/Q3520262,Ezhava,/m/048sp5
http://www.wikidata.org/entity/Q3521909,Bunt (RAJPUT),/m/075_n6
http://www.wikidata.org/entity/Q3803351,Filipino people of Spanish ancestry,/m/09chmw
http://www.wikidata.org/entity/Q4065203,English Australian,/m/03cbkrf
http://www.wikidata.org/entity/Q4713742,Hmong Americans,/m/0738n4
http://www.wikidata.org/entity/Q5094202,Chettiar,/m/032m0b
http://www.wikidata.org/entity/Q5187097,Croatian Canadians,/m/067lwk
http://www.wikidata.org/entity/Q5187093,Croatian Australians,/m/09fqz7
http://www.wikidata.org/entity/Q5290725,Dominican Americans,/m/0912ll
http://www.wikidata.org/entity/Q5639720,Haitian Americans,/m/02vkd28
http://www.wikidata.org/entity/Q6529576,Bihari people,/m/0cm7w1
http://www.wikidata.org/entity/Q6510842,Lebanese Americans,/m/0g48m4
http://www.wikidata.org/entity/Q7144694,Pathani,/m/0462jl6
http://www.wikidata.org/entity/Q7406487,Salvadoran Americans,/m/02rdfpy
http://www.wikidata.org/entity/Q7429945,Scandinavian Americans,/m/0cnvdq1
http://www.wikidata.org/entity/Q7511479,Sierra Leoneans in the United Kingdom,/m/04csgrq
http://www.wikidata.org/entity/Q7681244,Tamil Brahmin,/m/0cmdl5l
http://www.wikidata.org/entity/Q11685635,Bolivian American,/m/02wcbj_
http://www.wikidata.org/entity/Q12352241,Mangaloreans,/m/0520604
http://www.wikidata.org/entity/Q45321045,Tejano,/m/0166vx
http://www.wikidata.org/entity/Q7325,Jewish people,/m/041rx
http://www.wikidata.org/entity/Q36747,Indigenous peoples of the Americas,/m/0432mrk
http://www.wikidata.org/entity/Q35323,Arabs,/m/0xff
http://www.wikidata.org/entity/Q47740,Muslim,/m/04y29
http://www.wikidata.org/entity/Q49297,Native Americans in the United States,/m/059_w
http://www.wikidata.org/entity/Q49078,White Americans,/m/07hwkr
http://www.wikidata.org/entity/Q46295,peoples of the Caucasus,/m/09r2kh
http://www.wikidata.org/entity/Q115026,Swedish Americans,/m/065b6q
http://www.wikidata.org/entity/Q125564,Manx people,/m/097r55
http://www.wikidata.org/entity/Q145665,Manchu,/m/013z8m
http://www.wikidata.org/entity/Q165192,Swedes,/m/06mvq
http://www.wikidata.org/entity/Q188353,Welsh people,/m/06gbnc
http://www.wikidata.org/entity/Q217397,Wolof people,/m/08c25t
http://www.wikidata.org/entity/Q310983,Malagasy people,/m/09g34_
http://www.wikidata.org/entity/Q340520,Aceh,/m/02dd5z
http://www.wikidata.org/entity/Q385799,Afrikaners,/m/012fh
http://www.wikidata.org/entity/Q482942,Azerbaijanis,/m/033qt1
http://www.wikidata.org/entity/Q582779,Sikh,/m/078vc
http://www.wikidata.org/entity/Q620089,Punjabi diaspora,/m/05ms3p0
http://www.wikidata.org/entity/Q948126,Hungarian Americans,/m/08hpk0
http://www.wikidata.org/entity/Q1041917,Spanish Americans,/m/042gtr
http://www.wikidata.org/entity/Q1064662,Serbs of Bosnia and Herzegovina,/m/06dy2k
http://www.wikidata.org/entity/Q1200528,Malaysian Chinese,/m/0338zd
http://www.wikidata.org/entity/Q1209676,Mexicans,/m/09k5jvk
http://www.wikidata.org/entity/Q1280677,Serbs of Croatia,/m/09vmyh
http://www.wikidata.org/entity/Q1282294,Gujarati people,/m/0g0x7_
http://www.wikidata.org/entity/Q1413685,Filipino Americans,/m/03295l
http://www.wikidata.org/entity/Q1464994,Latino,/m/04pnf
http://www.wikidata.org/entity/Q2254415,Italian Canadians,/m/05sf2x
http://www.wikidata.org/entity/Q2533689,Dalmatian Italians,/m/0289z8v
http://www.wikidata.org/entity/Q2552898,Kiwi,/m/02jvpv
http://www.wikidata.org/entity/Q2983498,Sierra Leone Creole people,/m/02ry8mk
http://www.wikidata.org/entity/Q3026394,Serbian Canadians,/m/026cybk
http://www.wikidata.org/entity/Q3026377,Indian diaspora in France,/m/03h1dq9
http://www.wikidata.org/entity/Q3243684,Kayastha,/m/0583cz
http://www.wikidata.org/entity/Q3453511,Baltic Russians,/m/05y2yj
http://www.wikidata.org/entity/Q3476364,Scottish Australians,/m/047948f
http://www.wikidata.org/entity/Q3707477,Filipino Australians,/m/09y7x4
http://www.wikidata.org/entity/Q4855425,Bangladeshi American,/m/08j1fb
http://www.wikidata.org/entity/Q5029681,Canadian Americans,/m/0g8_vp
http://www.wikidata.org/entity/Q5099734,Swedish Canadians,/m/06k6sl
http://www.wikidata.org/entity/Q5098860,Chileans in the United Kingdom,/m/07s49c2
http://www.wikidata.org/entity/Q5501667,French-speaking Quebecer,/m/02qv716
http://www.wikidata.org/entity/Q6913088,Moroccan Americans,/m/065z7w_
http://www.wikidata.org/entity/Q7042073,Niyogi,/m/06lshc
http://www.wikidata.org/entity/Q7032863,Nigerian Americans,/m/0bvjpj
http://www.wikidata.org/entity/Q7258666,Stateside Puerto Ricans,/m/0gkxl2
http://www.wikidata.org/entity/Q7541693,Slovene Americans,/m/04_tz7
http://www.wikidata.org/entity/Q7507476,Sicilian Americans,/m/0fj1k9
http://www.wikidata.org/entity/Q7981927,Welsh Italians,/m/03cnzsg
http://www.wikidata.org/entity/Q9149944,Iraqi Americans,/m/0268pvf
http://www.wikidata.org/entity/Q12223,Kurds,/m/04c28
http://www.wikidata.org/entity/Q34069,Ashkenazi Jews,/m/013b6_
http://www.wikidata.org/entity/Q49085,African Americans,/m/0x67
http://www.wikidata.org/entity/Q102251,Sephardi Jews,/m/013b7g
http://www.wikidata.org/entity/Q105405,Cherokee,/m/0dbxy
http://www.wikidata.org/entity/Q115473,Hazaras,/m/03nvq
http://www.wikidata.org/entity/Q117191,Cree,/m/0dq1q
http://www.wikidata.org/entity/Q140713,Tulu people,/m/074w_m
http://www.wikidata.org/entity/Q133032,Hungarians,/m/0g5y6
http://www.wikidata.org/entity/Q170826,Irish people,/m/03bkbh
http://www.wikidata.org/entity/Q189975,Inuit,/m/03r_k
http://www.wikidata.org/entity/Q200263,Parsi,/m/0bymc
http://www.wikidata.org/entity/Q219517,Dalit,/m/04wysy
http://www.wikidata.org/entity/Q207996,Xhosa people,/m/0hj35
http://www.wikidata.org/entity/Q237534,Austrians,/m/019lrz
http://www.wikidata.org/entity/Q241696,Somalis,/m/05cc9h
http://www.wikidata.org/entity/Q402913,Bengali,/m/0bpjh3
http://www.wikidata.org/entity/Q573598,history of the Jews in India,/m/04zjjt
http://www.wikidata.org/entity/Q686949,Cajun,/m/0fqz6
http://www.wikidata.org/entity/Q711083,Koryo-saram,/m/0fp54b
http://www.wikidata.org/entity/Q787519,Arab Americans,/m/0150zs
http://www.wikidata.org/entity/Q817393,Black people,/m/01hwt
http://www.wikidata.org/entity/Q857880,French Canadians,/m/012c1l
http://www.wikidata.org/entity/Q862086,Indians,/m/0dryh9k
http://www.wikidata.org/entity/Q974693,Italian Americans,/m/0xnvg
http://www.wikidata.org/entity/Q1075929,African people,/m/026zlyd
http://www.wikidata.org/entity/Q1146100,Chinese Americans,/m/0d2by
http://www.wikidata.org/entity/Q1287427,Dogra,/m/05ztd1
http://www.wikidata.org/entity/Q1849258,Albanian Americans,/m/0ffhz3
http://www.wikidata.org/entity/Q2505231,Ukrainian Americans,/m/0ffjvd
http://www.wikidata.org/entity/Q2686890,Arab Mexican,/m/03m9my8
http://www.wikidata.org/entity/Q2696805,Dutch Australian,/m/02rp50t
http://www.wikidata.org/entity/Q2704511,White Africans of European ancestry,/m/04ggbzy
http://www.wikidata.org/entity/Q2986879,British African-Caribbean people,/m/0dtkkb
http://www.wikidata.org/entity/Q3154488,Irish Australians,/m/07hyjp
http://www.wikidata.org/entity/Q3303849,Syrian Americans,/m/02qv_h_
http://www.wikidata.org/entity/Q3395438,Polish Canadians,/m/067lts
http://www.wikidata.org/entity/Q3476361,Scottish Americans,/m/07bch9
http://www.wikidata.org/entity/Q4200801,Indian Australian,/m/03h11s3
http://www.wikidata.org/entity/Q4269361,Greek Australians,/m/068y7m
http://www.wikidata.org/entity/Q4416722,Serbs in the United Kingdom,/m/03cl2pz
http://www.wikidata.org/entity/Q4958704,Brazilian Americans,/m/02p7gyv
http://www.wikidata.org/entity/Q5030929,German Canadians,/m/03sx6v
http://www.wikidata.org/entity/Q5029742,Canadian Australian,/m/0gtwjz6
http://www.wikidata.org/entity/Q5147921,Colombian Americans,/m/0c2hxm
http://www.wikidata.org/entity/Q5201739,Czech Australians,/m/05bzpzx
http://www.wikidata.org/entity/Q5602103,Greeks in South Africa,/m/03cjjy0
http://www.wikidata.org/entity/Q5766070,Hindkowans,/m/027lf0d
http://www.wikidata.org/entity/Q6025447,Indo Caribbeans,/m/044bp_
http://www.wikidata.org/entity/Q6164703,Jatt Sikh,/m/0fng3k
http://www.wikidata.org/entity/Q7409949,Samoan New Zealanders,/m/0404kdr
http://www.wikidata.org/entity/Q7437641,Scottish Canadians,/m/02rbdlq
http://www.wikidata.org/entity/Q7573435,Spanish people of Filipino ancestry,/m/03cmqbt
http://www.wikidata.org/entity/Q7633360,Sudanese Australians,/m/0b8yvr
http://www.wikidata.org/entity/Q7586050,Sri Lankan Tamil diaspora,/m/0ft9bs
http://www.wikidata.org/entity/Q7681242,Tamil Americans,/m/0b__fv3
http://www.wikidata.org/entity/Q15307583,Ghanaian,/m/09tqq8q
http://www.wikidata.org/entity/Q18356677,Marwari people,/m/04k02l
http://www.wikidata.org/entity/Q8060,Romani people,/m/06j2v
http://www.wikidata.org/entity/Q48199,Sámi people,/m/06rd7
http://www.wikidata.org/entity/Q49540,Latvians,/m/01ylpf
http://www.wikidata.org/entity/Q58669,Hispanic and Latino Americans,/m/025rpb0
http://www.wikidata.org/entity/Q79797,Armenians,/m/022fdt
http://www.wikidata.org/entity/Q102090,Apache,/m/01_5cg
http://www.wikidata.org/entity/Q116971,Mohawk,/m/01sq7s
http://www.wikidata.org/entity/Q106974,Ossetians,/m/01srl7
http://www.wikidata.org/entity/Q118281,Kannada people,/m/01xttr
http://www.wikidata.org/entity/Q146744,Copts,/m/01crfj
http://www.wikidata.org/entity/Q160894,Spaniards,/m/03ttfc
http://www.wikidata.org/entity/Q188779,Norwegians,/m/09zyn5
http://www.wikidata.org/entity/Q368125,Anglo-Indian people,/m/034s7b
http://www.wikidata.org/entity/Q388264,Blackfoot Confederacy,/m/016f5d
http://www.wikidata.org/entity/Q819186,Mandinka people,/m/02m0kh
http://www.wikidata.org/entity/Q932244,Sinhalese,/m/078ds
http://www.wikidata.org/entity/Q1058496,Dutch Americans,/m/07mqps
http://www.wikidata.org/entity/Q1123923,Nez Perce,/m/059v8
http://www.wikidata.org/entity/Q1144461,Japanese Brazilians,/m/035b50
http://www.wikidata.org/entity/Q1142927,Hongkongers,/m/03bx0k4
http://www.wikidata.org/entity/Q1195125,Cubans,/m/02p444n
http://www.wikidata.org/entity/Q1267987,Malayali,/m/04mvp8
http://www.wikidata.org/entity/Q1365830,Romani people in Spain,/m/0br_9j
http://www.wikidata.org/entity/Q1377716,Belgians,/m/0ch3pqf
http://www.wikidata.org/entity/Q1675074,Italian immigration to Mexico,/m/0dn1_0
http://www.wikidata.org/entity/Q1752440,Israeli Jews,/m/064rb5l
http://www.wikidata.org/entity/Q1886046,Lumbee,/m/046j25
http://www.wikidata.org/entity/Q2035264,Hondurans,/m/03d26m9
http://www.wikidata.org/entity/Q2526737,Kapampangan people,/m/07gzw5
http://www.wikidata.org/entity/Q2527423,Ilocano,/m/086wp0
http://www.wikidata.org/entity/Q2580491,مسح,/m/03cdk7b
http://www.wikidata.org/entity/Q2712961,Afro-Asians,/m/04fh1b
http://www.wikidata.org/entity/Q2672654,History of the Jews in Morocco,/m/0640_7q
http://www.wikidata.org/entity/Q16152214,Moroccan Jews,/m/0640_7q
http://www.wikidata.org/entity/Q2997267,Colombians,/m/026kx7g
http://www.wikidata.org/entity/Q3026395,Serbian Australians,/m/0268xtg
http://www.wikidata.org/entity/Q5030922,Canadians in the United Kingdom,/m/03d19xz
http://www.wikidata.org/entity/Q5025138,Cambodian Americans,/m/04wy6k
http://www.wikidata.org/entity/Q5102351,Chitrapur Saraswat Brahmin,/m/0761bp
http://www.wikidata.org/entity/Q5555460,Ghanaian Americans,/m/03wbmrc
http://www.wikidata.org/entity/Q6511009,Lebanese people in the United Kingdom,/m/047q05d
http://www.wikidata.org/entity/Q6935055,multiracial American,/m/04y8_bm
http://www.wikidata.org/entity/Q7171212,Peruvians in the United Kingdom,/m/02rm7_9
http://www.wikidata.org/entity/Q7209875,Polish Australians,/m/0dqrh8
http://www.wikidata.org/entity/Q40809606,Black Irish,/m/06fczy
